price,area,bedrooms,bathrooms,stories,mainroad,guestroom,basement,hotwaterheating,airconditioning,parking,prefarea,furnishingstatus,Access to shopping malls,access to schools,hospitals nearby,restuarants nearby,Property age housin,crimerates,place of worship
13300000,7420,4,2,3,yes,no,no,no,yes,2,yes,furnished,5,9,7,7,2,low ,4
12250000,8960,4,4,4,yes,no,no,no,yes,3,no,furnished,5,8,6,7,3,high,6
12250000,9960,3,2,2,yes,no,yes,no,no,2,yes,semi-furnished,4,9,9,8,2,low ,9
12215000,7500,4,2,2,yes,no,yes,no,yes,3,yes,furnished,1,4,9,4,3,high,7
11410000,7420,4,1,2,yes,yes,yes,no,yes,2,no,furnished,6,4,4,6,2,high,7
10850000,7500,3,3,1,yes,no,yes,no,yes,2,yes,semi-furnished,5,4,9,9,2,low ,1
10150000,8580,4,3,4,yes,no,no,no,yes,2,yes,semi-furnished,7,4,1,7,2,high,2
10150000,16200,5,3,2,yes,no,no,no,no,0,no,unfurnished,9,7,3,7,0,low ,2
9870000,8100,4,1,2,yes,yes,yes,no,yes,2,yes,furnished,5,7,5,6,2,high,1
9800000,5750,3,2,4,yes,yes,no,no,yes,1,yes,unfurnished,3,8,7,9,1,low ,1
9800000,13200,3,1,2,yes,no,yes,no,yes,2,yes,furnished,7,4,4,9,2,high,1
9681000,6000,4,3,2,yes,yes,yes,yes,no,2,no,semi-furnished,1,6,8,4,2,high,3
9310000,6550,4,2,2,yes,no,no,no,yes,1,yes,semi-furnished,7,9,1,9,1,low ,5
9240000,3500,4,2,2,yes,no,no,yes,no,2,no,furnished,8,7,6,4,2,low ,7
9240000,7800,3,2,2,yes,no,no,no,no,0,yes,semi-furnished,8,7,5,7,0,high,4
9100000,6000,4,1,2,yes,no,yes,no,no,2,no,semi-furnished,9,6,5,5,2,high,1
9100000,6600,4,2,2,yes,yes,yes,no,yes,1,yes,unfurnished,9,9,7,3,1,low ,8
8960000,8500,3,2,4,yes,no,no,no,yes,2,no,furnished,8,9,4,4,2,low ,4
8890000,4600,3,2,2,yes,yes,no,no,yes,2,no,furnished,0,4,8,7,2,low ,6
8855000,6420,3,2,2,yes,no,no,no,yes,1,yes,semi-furnished,1,9,1,5,1,low ,9
8750000,4320,3,1,2,yes,no,yes,yes,no,2,no,semi-furnished,7,4,8,3,2,low ,7
8680000,7155,3,2,1,yes,yes,yes,no,yes,2,no,unfurnished,8,7,4,6,2,low ,7
8645000,8050,3,1,1,yes,yes,yes,no,yes,1,no,furnished,9,5,6,7,1,high,1
8645000,4560,3,2,2,yes,yes,yes,no,yes,1,no,furnished,4,3,9,4,1,low ,2
8575000,8800,3,2,2,yes,no,no,no,yes,2,no,furnished,4,4,7,3,2,high,2
8540000,6540,4,2,2,yes,yes,yes,no,yes,2,yes,furnished,4,7,7,6,2,low ,1
8463000,6000,3,2,4,yes,yes,yes,no,yes,0,yes,semi-furnished,4,5,1,7,0,low ,1
8400000,8875,3,1,1,yes,no,no,no,no,1,no,semi-furnished,7,3,2,9,1,low ,1
8400000,7950,5,2,2,yes,no,yes,yes,no,2,no,unfurnished,7,6,2,6,2,low ,3
8400000,5500,4,2,2,yes,no,yes,no,yes,1,yes,semi-furnished,8,7,1,3,1,high,5
8400000,7475,3,2,4,yes,no,no,no,yes,2,no,unfurnished,4,4,1,1,2,high,7
8400000,7000,3,1,4,yes,no,no,no,yes,2,no,semi-furnished,6,3,1,3,2,low ,4
8295000,4880,4,2,2,yes,no,no,no,yes,1,yes,furnished,9,6,3,5,1,low ,5
8190000,5960,3,3,2,yes,yes,yes,no,no,1,no,unfurnished,7,7,5,7,1,low ,4
8120000,6840,5,1,2,yes,yes,yes,no,yes,1,no,furnished,7,9,7,4,1,low ,1
8080940,7000,3,2,4,yes,no,no,no,yes,2,no,furnished,6,6,4,8,2,high,3
8043000,7482,3,2,3,yes,no,no,yes,no,1,yes,furnished,9,3,1,7,1,high,1
7980000,9000,4,2,4,yes,no,no,no,yes,2,no,furnished,9,1,8,7,2,low ,6
7962500,6000,3,1,4,yes,yes,no,no,yes,2,no,unfurnished,4,3,4,8,2,high,9
7910000,6000,4,2,4,yes,no,no,no,yes,1,no,semi-furnished,9,5,6,4,1,low ,2
7875000,6550,3,1,2,yes,no,yes,no,yes,0,yes,furnished,4,7,9,6,0,high,7
7840000,6360,3,2,4,yes,no,no,no,yes,0,yes,furnished,7,4,7,9,0,high,4
7700000,6480,3,2,4,yes,no,no,no,yes,2,no,unfurnished,5,8,7,7,2,low ,8
7700000,6000,4,2,4,yes,no,no,no,no,2,no,semi-furnished,3,7,1,7,2,high,3
7560000,6000,4,2,4,yes,no,no,no,yes,1,no,furnished,4,4,2,6,1,low ,4
7560000,6000,3,2,3,yes,no,no,no,yes,0,no,semi-furnished,7,7,2,9,0,high,7
7525000,6000,3,2,4,yes,no,no,no,yes,1,no,furnished,5,9,1,9,1,low ,5
7490000,6600,3,1,4,yes,no,no,no,yes,3,yes,furnished,3,6,1,4,3,high,3
7455000,4300,3,2,2,yes,no,yes,no,no,1,no,unfurnished,6,3,1,9,1,high,4
7420000,7440,3,2,1,yes,yes,yes,no,yes,0,yes,semi-furnished,7,1,3,4,0,low ,7
7420000,7440,3,2,4,yes,no,no,no,no,1,yes,unfurnished,4,3,5,7,1,low ,5
7420000,6325,3,1,4,yes,no,no,no,yes,1,no,unfurnished,3,5,7,5,1,high,3
7350000,6000,4,2,4,yes,yes,no,no,yes,1,no,furnished,6,7,4,3,1,high,6
7350000,5150,3,2,4,yes,no,no,no,yes,2,no,semi-furnished,7,4,5,4,2,low ,7
7350000,6000,3,2,2,yes,yes,no,no,yes,1,no,semi-furnished,9,8,4,7,1,low ,4
7350000,6000,3,1,2,yes,no,no,no,yes,1,no,unfurnished,6,1,1,5,1,low ,3
7343000,11440,4,1,2,yes,no,yes,no,no,1,yes,semi-furnished,3,6,3,3,1,low ,6
7245000,9000,4,2,4,yes,yes,no,no,yes,1,yes,furnished,1,5,1,6,1,high,7
7210000,7680,4,2,4,yes,yes,no,no,yes,1,no,semi-furnished,3,7,6,7,1,low ,9
7210000,6000,3,2,4,yes,yes,no,no,yes,1,no,furnished,5,9,9,4,1,high,6
7140000,6000,3,2,2,yes,yes,no,no,no,1,no,semi-furnished,7,5,2,3,1,high,3
7070000,8880,2,1,1,yes,no,no,no,yes,1,no,semi-furnished,4,3,7,6,1,low ,1
7070000,6240,4,2,2,yes,no,no,no,yes,1,no,furnished,8,7,4,7,1,high,3
7035000,6360,4,2,3,yes,no,no,no,yes,2,yes,furnished,7,1,8,9,2,low ,5
7000000,11175,3,1,1,yes,no,yes,no,yes,1,yes,furnished,4,7,3,6,1,high,7
6930000,8880,3,2,2,yes,no,yes,no,yes,1,no,furnished,6,8,6,3,1,low ,4
6930000,13200,2,1,1,yes,no,yes,yes,no,1,no,furnished,4,8,2,7,1,high,8
6895000,7700,3,2,1,yes,no,no,no,no,2,no,unfurnished,4,9,8,7,2,high,7
6860000,6000,3,1,1,yes,no,no,no,yes,1,no,furnished,2,9,2,8,1,low ,7
6790000,12090,4,2,2,yes,no,no,no,no,2,yes,furnished,4,8,9,4,2,low ,8
6790000,4000,3,2,2,yes,no,yes,no,yes,0,yes,semi-furnished,7,9,0,6,0,high,4
6755000,6000,4,2,4,yes,no,no,no,yes,0,no,unfurnished,4,4,3,9,0,high,6
6720000,5020,3,1,4,yes,no,no,no,yes,0,yes,unfurnished,7,4,7,7,0,low ,9
6685000,6600,2,2,4,yes,no,yes,no,no,0,yes,furnished,6,4,3,7,1,low ,7
6650000,4040,3,1,2,yes,no,yes,yes,no,1,no,furnished,7,4,1,6,8,low ,7
6650000,4260,4,2,2,yes,no,no,yes,no,0,no,semi-furnished,7,7,2,9,4,low ,6
6650000,6420,3,2,3,yes,no,no,no,yes,0,yes,furnished,9,7,5,9,6,high,9
6650000,6500,3,2,3,yes,no,no,no,yes,0,yes,furnished,0,8,1,4,9,low ,9
6650000,5700,3,1,1,yes,yes,yes,no,yes,2,yes,furnished,7,4,4,9,7,high,4
6650000,6000,3,2,3,yes,yes,no,no,yes,0,no,furnished,5,6,2,4,7,high,9
6629000,6000,3,1,2,yes,no,no,yes,no,1,yes,semi-furnished,2,9,7,7,1,low ,4
6615000,4000,3,2,2,yes,no,yes,no,yes,1,no,semi-furnished,2,7,4,5,2,high,7
6615000,10500,3,2,1,yes,no,yes,no,yes,1,yes,furnished,7,7,8,3,2,low ,5
6580000,6000,3,2,4,yes,no,no,no,yes,0,no,semi-furnished,4,6,3,4,1,high,3
6510000,3760,3,1,2,yes,no,no,yes,no,2,no,semi-furnished,6,9,6,7,1,low ,4
6510000,8250,3,2,3,yes,no,no,no,yes,0,no,furnished,7,9,2,5,1,high,7
6510000,6670,3,1,3,yes,no,yes,no,no,0,yes,unfurnished,8,4,8,3,3,high,5
6475000,3960,3,1,1,yes,no,yes,no,no,2,no,semi-furnished,5,9,2,6,5,low ,3
6475000,7410,3,1,1,yes,yes,yes,no,yes,2,yes,unfurnished,5,4,9,7,7,low ,6
6440000,8580,5,3,2,yes,no,no,no,no,2,no,furnished,4,7,0,4,4,high,7
6440000,5000,3,1,2,yes,no,no,no,yes,0,no,semi-furnished,1,5,3,3,5,high,4
6419000,6750,2,1,1,yes,yes,yes,no,no,2,yes,furnished,6,3,7,6,4,low ,3
6405000,4800,3,2,4,yes,yes,no,no,yes,0,no,furnished,5,4,3,7,1,low ,6
6300000,7200,3,2,1,yes,no,yes,no,yes,3,no,semi-furnished,7,7,1,9,3,low ,7
6300000,6000,4,2,4,yes,no,no,no,no,1,no,semi-furnished,9,5,2,6,1,high,9
6300000,4100,3,2,3,yes,no,no,no,yes,2,no,semi-furnished,5,3,5,3,6,low ,6
6300000,9000,3,1,1,yes,no,yes,no,no,1,yes,furnished,3,6,1,1,9,high,3
6300000,6400,3,1,1,yes,yes,yes,no,yes,1,yes,semi-furnished,7,7,4,3,2,low ,7
6293000,6600,3,2,3,yes,no,no,no,yes,0,yes,unfurnished,1,4,4,5,7,low ,5
6265000,6000,4,1,3,yes,yes,yes,no,no,0,yes,unfurnished,7,3,6,7,4,high,3
6230000,6600,3,2,1,yes,no,yes,no,yes,0,yes,unfurnished,8,6,9,4,8,low ,6
6230000,5500,3,1,3,yes,no,no,no,no,1,yes,unfurnished,8,7,7,8,3,low ,7
6195000,5500,3,2,4,yes,yes,no,no,yes,1,no,semi-furnished,9,9,7,7,6,high,4
6195000,6350,3,2,3,yes,yes,no,no,yes,0,no,furnished,9,6,1,4,2,low ,3
6195000,5500,3,2,1,yes,yes,yes,no,no,2,yes,furnished,8,3,2,7,8,low ,6
6160000,4500,3,1,4,yes,no,no,no,yes,0,no,unfurnished,0,1,2,9,2,low ,7
6160000,5450,4,2,1,yes,no,yes,no,yes,0,yes,semi-furnished,1,3,1,6,9,low ,9
6125000,6420,3,1,3,yes,no,yes,no,no,0,yes,unfurnished,7,5,1,3,0,low ,6
6107500,3240,4,1,3,yes,no,no,no,no,1,no,semi-furnished,8,7,1,1,3,high,3
6090000,6615,4,2,2,yes,yes,no,yes,no,1,no,semi-furnished,9,4,3,3,7,low ,1
6090000,6600,3,1,1,yes,yes,yes,no,no,2,yes,semi-furnished,4,8,5,5,3,high,3
6090000,8372,3,1,3,yes,no,no,no,yes,2,no,unfurnished,4,7,7,7,1,low ,5
6083000,4300,6,2,2,yes,no,no,no,no,0,no,furnished,4,4,4,4,2,high,7
6083000,9620,3,1,1,yes,no,yes,no,no,2,yes,furnished,4,7,5,8,5,low ,4
6020000,6800,2,1,1,yes,yes,yes,no,no,2,no,furnished,7,9,4,1,1,low ,8
6020000,8000,3,1,1,yes,yes,yes,no,yes,2,yes,semi-furnished,7,6,1,6,4,high,7
6020000,6900,3,2,1,yes,yes,yes,no,no,0,yes,unfurnished,8,3,3,5,2,high,4
5950000,3700,4,1,2,yes,yes,no,no,yes,0,no,furnished,4,1,1,7,7,low ,6
5950000,6420,3,1,1,yes,no,yes,no,yes,0,yes,furnished,6,3,6,9,4,low ,4
5950000,7020,3,1,1,yes,no,yes,no,yes,2,yes,semi-furnished,9,5,9,3,8,low ,4
5950000,6540,3,1,1,yes,yes,yes,no,no,2,yes,furnished,7,7,2,1,3,high,2
5950000,7231,3,1,2,yes,yes,yes,no,yes,0,yes,semi-furnished,7,4,7,2,6,low ,4
5950000,6254,4,2,1,yes,no,yes,no,no,1,yes,semi-furnished,6,8,4,5,2,high,7
5950000,7320,4,2,2,yes,no,no,no,no,0,no,furnished,9,1,8,1,8,high,4
5950000,6525,3,2,4,yes,no,no,no,no,1,no,furnished,9,6,3,4,2,low ,7
5943000,15600,3,1,1,yes,no,no,no,yes,2,no,semi-furnished,4,5,6,4,9,high,6
5880000,7160,3,1,1,yes,no,yes,no,no,2,yes,unfurnished,9,7,2,6,0,low ,7
5880000,6500,3,2,3,yes,no,no,no,yes,0,no,unfurnished,4,9,8,9,3,high,7
5873000,5500,3,1,3,yes,yes,no,no,yes,1,no,furnished,7,5,2,7,7,low ,9
5873000,11460,3,1,3,yes,no,no,no,no,2,yes,semi-furnished,5,3,9,7,3,high,0
5866000,4800,3,1,1,yes,yes,yes,no,no,0,no,unfurnished,3,7,0,1,1,high,7
5810000,5828,4,1,4,yes,yes,no,no,no,0,no,semi-furnished,4,1,3,2,2,low ,5
5810000,5200,3,1,3,yes,no,no,no,yes,0,no,semi-furnished,7,7,7,2,5,low ,2
5810000,4800,3,1,3,yes,no,no,no,yes,0,no,unfurnished,5,8,3,1,1,high,2
5803000,7000,3,1,1,yes,no,yes,no,no,2,yes,semi-furnished,3,8,1,1,4,high,7
5775000,6000,3,2,4,yes,no,no,no,yes,0,no,unfurnished,6,9,2,1,0,low ,4
5740000,5400,4,2,2,yes,no,no,no,yes,2,no,unfurnished,7,9,5,3,2,low ,6
5740000,4640,4,1,2,yes,no,no,no,no,1,no,semi-furnished,4,8,1,5,1,low ,7
5740000,5000,3,1,3,yes,no,no,no,yes,0,no,semi-furnished,3,9,4,7,0,low ,8
5740000,6360,3,1,1,yes,yes,yes,no,yes,2,yes,furnished,6,4,2,4,2,low ,5
5740000,5800,3,2,4,yes,no,no,no,yes,0,no,unfurnished,7,4,7,5,0,low ,5
5652500,6660,4,2,2,yes,yes,yes,no,no,1,yes,semi-furnished,9,4,4,4,1,high,4
5600000,10500,4,2,2,yes,no,no,no,no,1,no,semi-furnished,6,4,8,1,1,low ,1
5600000,4800,5,2,3,no,no,yes,yes,no,0,no,unfurnished,3,7,3,3,0,high,6
5600000,4700,4,1,2,yes,yes,yes,no,yes,1,no,furnished,1,7,6,1,1,low ,5
5600000,5000,3,1,4,yes,no,no,no,no,0,no,furnished,3,8,2,6,0,low ,7
5600000,10500,2,1,1,yes,no,no,no,no,1,no,semi-furnished,5,4,8,9,1,low ,9
5600000,5500,3,2,2,yes,no,no,no,no,1,no,semi-furnished,7,6,2,2,1,low ,5
5600000,6360,3,1,3,yes,no,no,no,no,0,yes,semi-furnished,4,9,9,7,0,high,3
5600000,6600,4,2,1,yes,no,yes,no,no,0,yes,semi-furnished,8,7,0,4,0,high,7
5600000,5136,3,1,2,yes,yes,yes,no,yes,0,yes,unfurnished,7,7,3,8,0,low ,1
5565000,4400,4,1,2,yes,no,no,no,yes,2,yes,semi-furnished,4,6,7,3,2,low ,7
5565000,5400,5,1,2,yes,yes,yes,no,yes,0,yes,furnished,6,9,3,6,0,low ,8
5530000,3300,3,3,2,yes,no,yes,no,no,0,no,semi-furnished,4,9,1,3,0,low ,8
5530000,3650,3,2,2,yes,no,no,no,no,2,no,semi-furnished,4,4,2,1,2,high,9
5530000,6100,3,2,1,yes,no,yes,no,no,2,yes,furnished,2,9,5,2,2,high,9
5523000,6900,3,1,1,yes,yes,yes,no,no,0,yes,semi-furnished,4,4,1,5,0,high,8
5495000,2817,4,2,2,no,yes,yes,no,no,1,no,furnished,7,7,4,1,1,high,0
5495000,7980,3,1,1,yes,no,no,no,no,2,no,semi-furnished,4,5,1,4,2,low ,3
5460000,3150,3,2,1,yes,yes,yes,no,yes,0,no,furnished,7,3,6,4,0,high,1
5460000,6210,4,1,4,yes,yes,no,no,yes,0,no,furnished,6,4,5,6,0,low ,2
5460000,6100,3,1,3,yes,yes,no,no,yes,0,yes,semi-furnished,7,7,5,9,0,low ,5
5460000,6600,4,2,2,yes,yes,yes,no,no,0,yes,semi-furnished,7,5,7,7,0,high,1
5425000,6825,3,1,1,yes,yes,yes,no,yes,0,yes,semi-furnished,9,3,4,7,0,high,4
5390000,6710,3,2,2,yes,yes,yes,no,no,1,yes,furnished,0,6,8,1,1,low ,4
5383000,6450,3,2,1,yes,yes,yes,yes,no,0,no,unfurnished,7,7,1,2,0,low ,6
5320000,7800,3,1,1,yes,no,yes,no,yes,2,yes,unfurnished,5,4,8,2,2,low ,9
5285000,4600,2,2,1,yes,no,no,no,yes,2,no,semi-furnished,2,3,4,1,2,high,7
5250000,4260,4,1,2,yes,no,yes,no,yes,0,no,furnished,2,6,6,1,0,low ,7
5250000,6540,4,2,2,no,no,no,no,yes,0,no,semi-furnished,7,7,9,1,0,high,1
5250000,5500,3,2,1,yes,no,yes,no,no,0,no,semi-furnished,4,9,7,3,0,high,2
5250000,10269,3,1,1,yes,no,no,no,no,1,yes,semi-furnished,6,6,7,5,1,low ,2
5250000,8400,3,1,2,yes,yes,yes,no,yes,2,yes,unfurnished,7,3,1,7,2,high,1
5250000,5300,4,2,1,yes,no,no,no,yes,0,yes,unfurnished,8,1,2,4,0,low ,1
5250000,3800,3,1,2,yes,yes,yes,no,no,1,yes,unfurnished,5,3,2,5,1,high,1
5250000,9800,4,2,2,yes,yes,no,no,no,2,no,semi-furnished,5,5,1,4,2,low ,3
5250000,8520,3,1,1,yes,no,no,no,yes,2,no,furnished,4,7,1,1,2,high,5
5243000,6050,3,1,1,yes,no,yes,no,no,0,yes,semi-furnished,1,4,1,3,0,high,7
5229000,7085,3,1,1,yes,yes,yes,no,no,2,yes,semi-furnished,6,8,3,1,2,low ,4
5215000,3180,3,2,2,yes,no,no,no,no,2,no,semi-furnished,5,7,5,6,2,low ,5
5215000,4500,4,2,1,no,no,yes,no,yes,2,no,semi-furnished,7,4,7,9,1,high,4
5215000,7200,3,1,2,yes,yes,yes,no,no,1,yes,furnished,9,7,4,2,8,high,1
5145000,3410,3,1,2,no,no,no,no,yes,0,no,semi-furnished,5,9,1,7,4,low ,3
5145000,7980,3,1,1,yes,no,no,no,no,1,yes,semi-furnished,3,6,8,4,6,low ,1
5110000,3000,3,2,2,yes,yes,yes,no,no,0,no,furnished,7,3,4,8,9,low ,6
5110000,3000,3,1,2,yes,no,yes,no,no,0,no,unfurnished,1,1,6,3,7,low ,9
5110000,11410,2,1,2,yes,no,no,no,no,0,yes,furnished,7,3,9,6,7,low ,2
5110000,6100,3,1,1,yes,no,yes,no,yes,0,yes,semi-furnished,8,5,7,2,1,low ,7
5075000,5720,2,1,2,yes,no,no,no,yes,0,yes,unfurnished,8,7,7,8,2,high,4
5040000,3540,2,1,1,no,yes,yes,no,no,0,no,semi-furnished,9,4,1,2,2,low ,8
5040000,7600,4,1,2,yes,no,no,no,yes,2,no,furnished,9,8,2,9,1,high,3
5040000,10700,3,1,2,yes,yes,yes,no,no,0,no,semi-furnished,8,1,2,0,1,low ,6
5040000,6600,3,1,1,yes,yes,yes,no,no,0,yes,furnished,0,6,1,3,1,low ,2
5033000,4800,2,1,1,yes,yes,yes,no,no,0,no,semi-furnished,1,5,1,7,3,low ,8
5005000,8150,3,2,1,yes,yes,yes,no,no,0,no,semi-furnished,7,7,1,3,5,low ,2
4970000,4410,4,3,2,yes,no,yes,no,no,2,no,semi-furnished,8,9,3,1,7,high,9
4970000,7686,3,1,1,yes,yes,yes,yes,no,0,no,semi-furnished,9,5,5,2,4,high,0
4956000,2800,3,2,2,no,no,yes,no,yes,1,no,semi-furnished,4,3,7,4,5,low ,3
4935000,5948,3,1,2,yes,no,no,no,yes,0,no,semi-furnished,4,7,4,2,4,low ,7
4907000,4200,3,1,2,yes,no,no,no,no,1,no,furnished,4,1,5,4,1,low ,5
4900000,4520,3,1,2,yes,no,yes,no,yes,0,no,semi-furnished,4,7,4,7,3,low ,7
4900000,4095,3,1,2,no,yes,yes,no,yes,0,no,semi-furnished,7,8,1,4,1,high,9
4900000,4120,2,1,1,yes,no,yes,no,no,1,no,semi-furnished,7,8,3,7,6,high,5
4900000,5400,4,1,2,yes,no,no,no,no,0,no,semi-furnished,8,9,1,6,9,high,3
4900000,4770,3,1,1,yes,yes,yes,no,no,0,no,semi-furnished,4,9,6,7,2,high,7
4900000,6300,3,1,1,yes,no,no,no,yes,2,no,semi-furnished,6,4,9,7,7,low ,1
4900000,5800,2,1,1,yes,yes,yes,no,yes,0,no,semi-furnished,9,7,2,9,4,high,7
4900000,3000,3,1,2,yes,no,yes,no,yes,0,no,semi-furnished,7,5,7,0,8,high,8
4900000,2970,3,1,3,yes,no,no,no,no,0,no,semi-furnished,7,3,4,7,3,low ,8
4900000,6720,3,1,1,yes,no,no,no,no,0,no,unfurnished,6,4,8,5,6,low ,9
4900000,4646,3,1,2,yes,yes,yes,no,no,2,no,semi-furnished,9,7,3,2,2,high,9
4900000,12900,3,1,1,yes,no,no,no,no,2,no,furnished,9,5,6,2,8,high,4
4893000,3420,4,2,2,yes,no,yes,no,yes,2,no,semi-furnished,4,3,2,7,2,low ,7
4893000,4995,4,2,1,yes,no,yes,no,no,0,no,semi-furnished,9,6,8,4,9,low ,5
4865000,4350,2,1,1,yes,no,yes,no,no,0,no,unfurnished,4,7,2,6,0,low ,3
4830000,4160,3,1,3,yes,no,no,no,no,0,no,unfurnished,7,4,9,7,3,low ,4
4830000,6040,3,1,1,yes,no,no,no,no,2,yes,semi-furnished,5,3,0,8,7,low ,7
4830000,6862,3,1,2,yes,no,no,no,yes,2,yes,furnished,3,6,3,5,3,low ,5
4830000,4815,2,1,1,yes,no,no,no,yes,0,yes,semi-furnished,4,7,7,5,1,high,3
4795000,7000,3,1,2,yes,no,yes,no,no,0,no,unfurnished,7,9,3,4,2,low ,6
4795000,8100,4,1,4,yes,no,yes,no,yes,2,no,semi-furnished,5,6,1,1,5,high,7
4767000,3420,4,2,2,yes,no,no,no,no,0,no,semi-furnished,3,3,2,6,1,low ,4
4760000,9166,2,1,1,yes,no,yes,no,yes,2,no,semi-furnished,6,1,5,5,4,low ,3
4760000,6321,3,1,2,yes,no,yes,no,yes,1,no,furnished,7,3,1,7,2,low ,6
4760000,10240,2,1,1,yes,no,no,no,yes,2,yes,unfurnished,4,5,4,9,7,low ,7
4753000,6440,2,1,1,yes,no,no,no,yes,3,no,semi-furnished,3,7,2,5,4,high,9
4690000,5170,3,1,4,yes,no,no,no,yes,0,no,semi-furnished,6,4,7,3,8,high,6
4690000,6000,2,1,1,yes,no,yes,no,yes,1,no,furnished,7,8,4,7,3,low ,3
4690000,3630,3,1,2,yes,no,no,no,no,2,no,semi-furnished,9,7,8,1,6,low ,1
4690000,9667,4,2,2,yes,yes,yes,no,no,1,no,semi-furnished,6,4,3,7,2,low ,3
4690000,5400,2,1,2,yes,no,no,no,no,0,yes,semi-furnished,3,6,6,8,8,low ,5
4690000,4320,3,1,1,yes,no,no,no,no,0,yes,semi-furnished,1,4,2,8,2,high,7
4655000,3745,3,1,2,yes,no,yes,no,no,0,no,furnished,3,4,8,9,9,high,4
4620000,4160,3,1,1,yes,yes,yes,no,yes,0,no,unfurnished,5,2,2,9,0,high,8
4620000,3880,3,2,2,yes,no,yes,no,no,2,no,semi-furnished,7,4,9,8,3,high,7
4620000,5680,3,1,2,yes,yes,no,no,yes,1,no,semi-furnished,4,7,5,0,7,low ,4
4620000,2870,2,1,2,yes,yes,yes,no,no,0,yes,semi-furnished,8,4,7,1,3,high,6
4620000,5010,3,1,2,yes,no,yes,no,no,0,no,semi-furnished,7,7,9,7,1,low ,5
4613000,4510,4,2,2,yes,no,yes,no,no,0,no,semi-furnished,4,6,5,8,2,low ,7
4585000,4000,3,1,2,yes,no,no,no,no,1,no,furnished,6,7,3,9,5,high,9
4585000,3840,3,1,2,yes,no,no,no,no,1,yes,semi-furnished,4,7,7,4,1,high,5
4550000,3760,3,1,1,yes,no,no,no,no,2,no,semi-furnished,4,9,1,4,4,low ,3
4550000,3640,3,1,2,yes,no,no,no,yes,0,no,furnished,2,0,7,4,0,low ,7
4550000,2550,3,1,2,yes,no,yes,no,no,0,no,furnished,4,7,8,4,0,low ,1
4550000,5320,3,1,2,yes,yes,yes,no,no,0,yes,semi-furnished,7,5,8,7,0,high,7
4550000,5360,3,1,2,yes,no,no,no,no,2,yes,unfurnished,4,2,9,7,2,low ,8
4550000,3520,3,1,1,yes,no,no,no,no,0,yes,semi-furnished,7,2,9,8,0,high,8
4550000,8400,4,1,4,yes,no,no,no,no,3,no,unfurnished,6,7,4,4,3,high,9
4543000,4100,2,2,1,yes,yes,yes,no,no,0,no,semi-furnished,7,4,7,6,0,low ,9
4543000,4990,4,2,2,yes,yes,yes,no,no,0,yes,furnished,7,6,5,9,0,high,4
4515000,3510,3,1,3,yes,no,no,no,no,0,no,semi-furnished,9,7,3,7,0,low ,7
4515000,3450,3,1,2,yes,no,yes,no,no,1,no,semi-furnished,0,8,4,7,1,high,5
4515000,9860,3,1,1,yes,no,no,no,no,0,no,semi-furnished,7,5,7,6,0,low ,3
4515000,3520,2,1,2,yes,no,no,no,no,0,yes,furnished,5,5,5,4,0,high,4
4480000,4510,4,1,2,yes,no,no,no,yes,2,no,semi-furnished,2,4,3,2,2,high,7
4480000,5885,2,1,1,yes,no,no,no,yes,1,no,unfurnished,2,1,6,4,1,low ,5
4480000,4000,3,1,2,yes,no,no,no,no,2,no,furnished,7,6,7,7,2,low ,3
4480000,8250,3,1,1,yes,no,no,no,no,0,no,furnished,4,5,4,4,0,high,6
4480000,4040,3,1,2,yes,no,no,no,no,1,no,semi-furnished,6,7,3,7,1,high,7
4473000,6360,2,1,1,yes,no,yes,no,yes,1,no,furnished,7,9,6,6,1,low ,4
4473000,3162,3,1,2,yes,no,no,no,yes,1,no,furnished,8,5,7,7,1,low ,3
4473000,3510,3,1,2,yes,no,no,no,no,0,no,semi-furnished,5,3,9,7,0,low ,6
4445000,3750,2,1,1,yes,yes,yes,no,no,0,no,semi-furnished,5,7,6,9,0,low ,7
4410000,3968,3,1,2,no,no,no,no,no,0,no,semi-furnished,4,1,3,0,0,low ,9
4410000,4900,2,1,2,yes,no,yes,no,no,0,no,semi-furnished,1,7,1,7,0,low ,6
4403000,2880,3,1,2,yes,no,no,no,no,0,yes,semi-furnished,6,8,3,5,0,high,3
4403000,4880,3,1,1,yes,no,no,no,no,2,yes,unfurnished,5,8,5,2,2,low ,1
4403000,4920,3,1,2,yes,no,no,no,no,1,no,semi-furnished,7,9,7,2,1,high,3
4382000,4950,4,1,2,yes,no,no,no,yes,0,no,semi-furnished,9,9,4,7,0,low ,5
4375000,3900,3,1,2,yes,no,no,no,no,0,no,unfurnished,5,8,8,4,0,low ,7
4340000,4500,3,2,3,yes,no,no,yes,no,1,no,furnished,3,0,7,6,1,low ,4
4340000,1905,5,1,2,no,no,yes,no,no,0,no,semi-furnished,7,1,4,7,0,low ,8
4340000,4075,3,1,1,yes,yes,yes,no,no,2,no,semi-furnished,1,7,6,8,2,high,7
4340000,3500,4,1,2,yes,no,no,no,no,2,no,furnished,7,8,4,5,2,high,4
4340000,6450,4,1,2,yes,no,no,no,no,0,no,semi-furnished,8,9,4,5,0,low ,6
4319000,4032,2,1,1,yes,no,yes,no,no,0,no,furnished,8,4,2,4,0,low ,4
4305000,4400,2,1,1,yes,no,no,no,no,1,no,semi-furnished,9,4,4,1,1,low ,4
4305000,10360,2,1,1,yes,no,no,no,no,1,yes,semi-furnished,9,4,4,6,1,low ,2
4277000,3400,3,1,2,yes,no,yes,no,no,2,yes,semi-furnished,8,4,8,5,2,high,4
4270000,6360,2,1,1,yes,no,no,no,no,0,no,furnished,0,7,1,7,0,high,5
4270000,6360,2,1,2,yes,no,no,no,no,0,no,unfurnished,1,7,8,9,0,high,7
4270000,4500,2,1,1,yes,no,no,no,yes,2,no,furnished,7,8,4,5,2,low ,9
4270000,2175,3,1,2,no,yes,yes,no,yes,0,no,unfurnished,8,4,6,3,0,low ,5
4270000,4360,4,1,2,yes,no,no,no,no,0,no,furnished,9,6,9,7,1,high,3
4270000,7770,2,1,1,yes,no,no,no,no,1,no,furnished,4,9,7,1,8,low ,7
4235000,6650,3,1,2,yes,yes,no,no,no,0,no,semi-furnished,4,7,7,7,4,high,1
4235000,2787,3,1,1,yes,no,yes,no,no,0,yes,furnished,4,7,1,8,6,high,7
4200000,5500,3,1,2,yes,no,no,no,yes,0,no,unfurnished,4,6,2,8,9,low ,8
4200000,5040,3,1,2,yes,no,yes,no,yes,0,no,unfurnished,7,9,2,9,7,high,8
4200000,5850,2,1,1,yes,yes,yes,no,no,2,no,semi-furnished,7,9,1,9,7,low ,9
4200000,2610,4,3,2,no,no,no,no,no,0,no,semi-furnished,8,4,1,8,1,high,9
4200000,2953,3,1,2,yes,no,yes,no,yes,0,no,unfurnished,4,9,1,0,2,low ,4
4200000,2747,4,2,2,no,no,no,no,no,0,no,semi-furnished,6,4,3,1,2,high,7
4200000,4410,2,1,1,no,no,no,no,no,1,no,unfurnished,9,7,5,7,1,high,5
4200000,4000,4,2,2,no,no,no,no,no,0,no,semi-furnished,7,5,7,8,1,low ,3
4200000,2325,3,1,2,no,no,no,no,no,0,no,semi-furnished,7,3,4,9,1,low ,4
4200000,4600,3,2,2,yes,no,no,no,yes,1,no,semi-furnished,6,4,1,4,3,high,7
4200000,3640,3,2,2,yes,no,yes,no,no,0,no,unfurnished,9,7,8,4,5,high,5
4200000,5800,3,1,1,yes,no,no,yes,no,2,no,semi-furnished,9,5,4,4,7,low ,3
4200000,7000,3,1,1,yes,no,no,no,no,3,no,furnished,4,3,6,4,4,low ,6
4200000,4079,3,1,3,yes,no,no,no,no,0,no,semi-furnished,9,6,9,7,5,low ,7
4200000,3520,3,1,2,yes,no,no,no,no,0,yes,semi-furnished,4,7,7,7,4,low ,4
4200000,2145,3,1,3,yes,no,no,no,no,1,yes,unfurnished,7,4,7,8,1,low ,3
4200000,4500,3,1,1,yes,no,yes,no,no,0,no,furnished,5,3,1,4,3,low ,6
4193000,8250,3,1,1,yes,no,yes,no,no,3,no,semi-furnished,3,6,2,6,1,high,7
4193000,3450,3,1,2,yes,no,no,no,no,1,no,semi-furnished,4,7,2,9,6,low ,9
4165000,4840,3,1,2,yes,no,no,no,no,1,no,semi-furnished,7,9,1,1,9,high,6
4165000,4080,3,1,2,yes,no,no,no,no,2,no,semi-furnished,5,6,1,3,2,low ,3
4165000,4046,3,1,2,yes,no,yes,no,no,1,no,semi-furnished,3,3,1,5,7,low ,1
4130000,4632,4,1,2,yes,no,no,no,yes,0,no,semi-furnished,6,1,3,7,4,low ,3
4130000,5985,3,1,1,yes,no,yes,no,no,0,no,semi-furnished,7,3,5,4,8,low ,5
4123000,6060,2,1,1,yes,no,yes,no,no,1,no,semi-furnished,4,5,7,8,3,high,7
4098500,3600,3,1,1,yes,no,yes,no,yes,0,yes,furnished,3,9,4,1,6,low ,4
4095000,3680,3,2,2,yes,no,no,no,no,0,no,semi-furnished,6,4,5,6,2,high,8
4095000,4040,2,1,2,yes,no,no,no,no,1,no,semi-furnished,7,7,4,5,8,high,7
4095000,5600,2,1,1,yes,no,no,no,yes,0,no,semi-furnished,9,5,1,5,2,low ,4
4060000,5900,4,2,2,no,no,yes,no,no,1,no,unfurnished,6,3,3,7,9,high,6
4060000,4992,3,2,2,yes,no,no,no,no,2,no,unfurnished,3,4,1,4,0,low ,4
4060000,4340,3,1,1,yes,no,no,no,no,0,no,semi-furnished,1,7,6,8,3,high,4
4060000,3000,4,1,3,yes,no,yes,no,yes,2,no,semi-furnished,3,5,9,1,7,low ,2
4060000,4320,3,1,2,yes,no,no,no,no,2,yes,furnished,5,3,2,8,3,high,4
4025000,3630,3,2,2,yes,no,no,yes,no,2,no,semi-furnished,7,6,7,4,1,high,5
4025000,3460,3,2,1,yes,no,yes,no,yes,1,no,furnished,4,7,4,6,2,low ,7
4025000,5400,3,1,1,yes,no,no,no,no,3,no,semi-furnished,8,4,8,9,5,low ,9
4007500,4500,3,1,2,no,no,yes,no,yes,0,no,semi-furnished,7,3,3,7,1,high,5
4007500,3460,4,1,2,yes,no,no,no,yes,0,no,semi-furnished,4,6,6,7,4,high,3
3990000,4100,4,1,1,no,no,yes,no,no,0,no,unfurnished,6,7,2,1,2,low ,7
3990000,6480,3,1,2,no,no,no,no,yes,1,no,semi-furnished,4,9,8,2,7,low ,1
3990000,4500,3,2,2,no,no,yes,no,yes,0,no,semi-furnished,4,6,2,2,4,low ,7
3990000,3960,3,1,2,yes,no,no,no,no,0,no,furnished,2,3,9,1,8,low ,8
3990000,4050,2,1,2,yes,yes,yes,no,no,0,yes,unfurnished,4,1,0,1,3,low ,8
3920000,7260,3,2,1,yes,yes,yes,no,no,3,no,furnished,7,3,3,1,6,low ,9
3920000,5500,4,1,2,yes,yes,yes,no,no,0,no,semi-furnished,4,5,7,3,2,low ,9
3920000,3000,3,1,2,yes,no,no,no,no,0,no,semi-furnished,7,7,3,5,8,high,4
3920000,3290,2,1,1,yes,no,no,yes,no,1,no,furnished,6,4,1,7,2,low ,7
3920000,3816,2,1,1,yes,no,yes,no,yes,2,no,furnished,7,8,2,4,9,high,5
3920000,8080,3,1,1,yes,no,no,no,yes,2,no,semi-furnished,7,7,5,1,0,high,3
3920000,2145,4,2,1,yes,no,yes,no,no,0,yes,unfurnished,9,4,1,8,3,low ,4
3885000,3780,2,1,2,yes,yes,yes,no,no,0,no,semi-furnished,0,6,4,4,7,high,7
3885000,3180,4,2,2,yes,no,no,no,no,0,no,furnished,7,4,2,6,3,low ,5
3850000,5300,5,2,2,yes,no,no,no,no,0,no,semi-furnished,5,4,7,9,1,high,3
3850000,3180,2,2,1,yes,no,yes,no,no,2,no,semi-furnished,2,2,4,7,2,low ,6
3850000,7152,3,1,2,yes,no,no,no,yes,0,no,furnished,2,4,8,7,5,high,7
3850000,4080,2,1,1,yes,no,no,no,no,0,no,semi-furnished,7,7,3,1,1,high,4
3850000,3850,2,1,1,yes,no,no,no,no,0,no,semi-furnished,4,4,6,2,4,low ,3
3850000,2015,3,1,2,yes,no,yes,no,no,0,yes,semi-furnished,6,7,2,2,0,low ,6
3850000,2176,2,1,2,yes,yes,no,no,no,0,yes,semi-furnished,7,6,8,1,0,high,7
3836000,3350,3,1,2,yes,no,no,no,no,0,no,unfurnished,8,7,2,1,0,high,9
3815000,3150,2,2,1,no,no,yes,no,no,0,no,semi-furnished,5,7,9,1,0,low ,6
3780000,4820,3,1,2,yes,no,no,no,no,0,no,semi-furnished,5,9,0,9,0,low ,3
3780000,3420,2,1,2,yes,no,no,yes,no,1,no,semi-furnished,4,0,3,1,1,low ,1
3780000,3600,2,1,1,yes,no,no,no,no,0,no,semi-furnished,1,7,7,3,0,low ,3
3780000,5830,2,1,1,yes,no,no,no,no,2,no,unfurnished,6,5,3,5,2,low ,5
3780000,2856,3,1,3,yes,no,no,no,no,0,yes,furnished,5,2,1,7,0,low ,7
3780000,8400,2,1,1,yes,no,no,no,no,1,no,furnished,7,2,2,4,1,high,4
3773000,8250,3,1,1,yes,no,no,no,no,2,no,furnished,9,7,5,8,2,low ,8
3773000,2520,5,2,1,no,no,yes,no,yes,1,no,furnished,5,4,1,1,1,high,7
3773000,6930,4,1,2,no,no,no,no,no,1,no,furnished,3,6,4,6,1,low ,4
3745000,3480,2,1,1,yes,no,no,no,no,0,yes,semi-furnished,7,7,6,5,0,low ,6
3710000,3600,3,1,1,yes,no,no,no,no,1,no,unfurnished,1,8,7,5,1,low ,4
3710000,4040,2,1,1,yes,no,no,no,no,0,no,semi-furnished,7,5,4,7,0,high,4
3710000,6020,3,1,1,yes,no,no,no,no,0,no,semi-furnished,8,5,3,4,0,low ,2
3710000,4050,2,1,1,yes,no,no,no,no,0,no,furnished,8,4,8,8,0,high,4
3710000,3584,2,1,1,yes,no,no,yes,no,0,no,semi-furnished,9,1,2,1,0,high,8
3703000,3120,3,1,2,no,no,yes,yes,no,0,no,semi-furnished,9,6,9,8,0,low ,1
3703000,5450,2,1,1,yes,no,no,no,no,0,no,furnished,8,5,2,4,1,low ,8
3675000,3630,2,1,1,yes,no,yes,no,no,0,no,furnished,0,7,7,6,8,high,4
3675000,3630,2,1,1,yes,no,no,no,yes,0,no,unfurnished,1,9,6,9,4,high,6
3675000,5640,2,1,1,no,no,no,no,no,0,no,semi-furnished,7,5,9,7,6,low ,9
3675000,3600,2,1,1,yes,no,no,no,no,0,no,furnished,8,3,9,7,9,low ,7
3640000,4280,2,1,1,yes,no,no,no,yes,2,no,semi-furnished,9,7,4,1,7,low ,7
3640000,3570,3,1,2,yes,no,yes,no,no,0,no,semi-furnished,4,1,9,2,7,low ,1
3640000,3180,3,1,2,no,no,yes,no,no,0,no,semi-furnished,4,7,1,2,1,low ,2
3640000,3000,2,1,2,yes,no,no,no,yes,0,no,furnished,4,8,3,1,2,low ,2
3640000,3520,2,2,1,yes,no,yes,no,no,0,no,semi-furnished,4,8,5,1,2,high,1
3640000,5960,3,1,2,yes,yes,yes,no,no,0,no,unfurnished,7,9,7,1,1,low ,1
3640000,4130,3,2,2,yes,no,no,no,no,2,no,semi-furnished,7,9,4,3,1,high,1
3640000,2850,3,2,2,no,no,yes,no,no,0,yes,unfurnished,8,8,8,5,1,low ,3
3640000,2275,3,1,3,yes,no,no,yes,yes,0,yes,semi-furnished,4,0,1,7,3,low ,5
3633000,3520,3,1,1,yes,no,no,no,no,2,yes,unfurnished,6,1,6,4,5,low ,7
3605000,4500,2,1,1,yes,no,no,no,no,0,no,semi-furnished,9,7,5,1,7,low ,4
3605000,4000,2,1,1,yes,no,no,no,no,0,yes,semi-furnished,7,8,5,8,4,high,1
3570000,3150,3,1,2,yes,no,yes,no,no,0,no,furnished,7,9,7,4,5,high,8
3570000,4500,4,2,2,yes,no,yes,no,no,2,no,furnished,6,4,4,6,4,low ,4
3570000,4500,2,1,1,no,no,no,no,no,0,no,furnished,9,4,8,9,1,low ,6
3570000,3640,2,1,1,yes,no,no,no,no,0,no,unfurnished,9,4,1,7,3,low ,9
3535000,3850,3,1,1,yes,no,no,no,no,2,no,unfurnished,4,4,8,7,1,low ,7
3500000,4240,3,1,2,yes,no,no,no,yes,0,no,semi-furnished,9,7,4,1,6,high,7
3500000,3650,3,1,2,yes,no,no,no,no,0,no,unfurnished,4,7,6,2,9,high,1
3500000,4600,4,1,2,yes,no,no,no,no,0,no,semi-furnished,7,8,9,2,2,high,2
3500000,2135,3,2,2,no,no,no,no,no,0,no,unfurnished,5,4,7,1,7,low ,2
3500000,3036,3,1,2,yes,no,yes,no,no,0,no,semi-furnished,3,6,7,1,4,low ,1
3500000,3990,3,1,2,yes,no,no,no,no,0,no,semi-furnished,4,9,1,7,8,high,1
3500000,7424,3,1,1,no,no,no,no,no,0,no,unfurnished,7,7,2,9,3,high,7
3500000,3480,3,1,1,no,no,no,no,yes,0,no,unfurnished,5,7,2,5,6,low ,9
3500000,3600,6,1,2,yes,no,no,no,no,1,no,unfurnished,3,6,1,3,2,low ,5
3500000,3640,2,1,1,yes,no,no,no,no,1,no,semi-furnished,6,9,1,7,8,low ,3
3500000,5900,2,1,1,yes,no,no,no,no,1,no,furnished,7,9,1,1,2,low ,7
3500000,3120,3,1,2,yes,no,no,no,no,1,no,unfurnished,4,4,3,7,9,low ,1
3500000,7350,2,1,1,yes,no,no,no,no,1,no,semi-furnished,3,9,5,8,0,low ,7
3500000,3512,2,1,1,yes,no,no,no,no,1,yes,unfurnished,6,4,7,8,3,high,8
3500000,9500,3,1,2,yes,no,no,no,no,3,yes,unfurnished,7,7,4,9,7,low ,8
3500000,5880,2,1,1,yes,no,no,no,no,0,no,unfurnished,9,5,7,9,3,high,9
3500000,12944,3,1,1,yes,no,no,no,no,0,no,unfurnished,6,3,6,8,1,low ,9
3493000,4900,3,1,2,no,no,no,no,no,0,no,unfurnished,3,4,9,0,2,low ,8
3465000,3060,3,1,1,yes,no,no,no,no,0,no,unfurnished,1,7,9,1,5,low ,0
3465000,5320,2,1,1,yes,no,no,no,no,1,yes,unfurnished,3,5,4,7,1,low ,8
3465000,2145,3,1,3,yes,no,no,no,no,0,yes,furnished,5,3,9,8,4,high,4
3430000,4000,2,1,1,yes,no,no,no,no,0,no,unfurnished,7,6,1,9,2,high,8
3430000,3185,2,1,1,yes,no,no,no,no,2,no,unfurnished,4,7,3,4,7,low ,1
3430000,3850,3,1,1,yes,no,no,no,no,0,no,unfurnished,8,4,5,4,4,low ,8
3430000,2145,3,1,3,yes,no,no,no,no,0,yes,furnished,7,3,7,4,8,low ,4
3430000,2610,3,1,2,yes,no,yes,no,no,0,yes,unfurnished,4,6,4,4,3,low ,6
3430000,1950,3,2,2,yes,no,yes,no,no,0,yes,unfurnished,6,7,8,7,6,high,9
3423000,4040,2,1,1,yes,no,no,no,no,0,no,unfurnished,4,9,1,7,2,high,7
3395000,4785,3,1,2,yes,yes,yes,no,yes,1,no,furnished,4,6,6,8,8,low ,7
3395000,3450,3,1,1,yes,no,yes,no,no,2,no,unfurnished,2,3,5,4,2,low ,1
3395000,3640,2,1,1,yes,no,no,no,no,0,no,furnished,4,1,5,6,9,high,2
3360000,3500,4,1,2,yes,no,no,no,yes,2,no,unfurnished,7,3,7,9,0,high,2
3360000,4960,4,1,3,no,no,no,no,no,0,no,semi-furnished,4,5,4,7,3,low ,1
3360000,4120,2,1,2,yes,no,no,no,no,0,no,unfurnished,7,9,8,9,7,low ,1
3360000,4750,2,1,1,yes,no,no,no,no,0,no,unfurnished,6,4,1,5,3,low ,1
3360000,3720,2,1,1,no,no,no,no,yes,0,no,unfurnished,7,7,8,3,1,low ,3
3360000,3750,3,1,1,yes,no,no,no,no,0,no,unfurnished,7,5,4,7,2,low ,5
3360000,3100,3,1,2,no,no,yes,no,no,0,no,semi-furnished,9,3,6,1,5,low ,7
3360000,3185,2,1,1,yes,no,yes,no,no,2,no,furnished,0,4,9,7,1,high,4
3353000,2700,3,1,1,no,no,no,no,no,0,no,furnished,7,7,7,8,4,low ,1
3332000,2145,3,1,2,yes,no,yes,no,no,0,yes,furnished,5,5,7,8,0,high,8
3325000,4040,2,1,1,yes,no,no,no,no,1,no,unfurnished,2,3,1,9,1,low ,4
3325000,4775,4,1,2,yes,no,no,no,no,0,no,unfurnished,2,6,2,9,0,low ,6
3290000,2500,2,1,1,no,no,no,no,yes,0,no,unfurnished,7,7,2,8,0,low ,9
3290000,3180,4,1,2,yes,no,yes,no,yes,0,no,unfurnished,4,4,1,0,1,low ,7
3290000,6060,3,1,1,yes,yes,yes,no,no,0,no,furnished,6,3,1,1,8,high,7
3290000,3480,4,1,2,no,no,no,no,no,1,no,semi-furnished,7,6,1,7,4,high,1
3290000,3792,4,1,2,yes,no,no,no,no,0,no,semi-furnished,8,7,3,8,6,low ,2
3290000,4040,2,1,1,yes,no,no,no,no,0,no,unfurnished,5,9,5,9,9,low ,2
3290000,2145,3,1,2,yes,no,yes,no,no,0,yes,furnished,5,6,7,4,7,low ,1
3290000,5880,3,1,1,yes,no,no,no,no,1,no,unfurnished,4,3,4,4,7,low ,1
3255000,4500,2,1,1,no,no,no,no,no,0,no,semi-furnished,1,1,5,4,1,high,7
3255000,3930,2,1,1,no,no,no,no,no,0,no,unfurnished,6,3,4,4,2,high,9
3234000,3640,4,1,2,yes,no,yes,no,no,0,no,unfurnished,5,5,1,7,2,high,5
3220000,4370,3,1,2,yes,no,no,no,no,0,no,unfurnished,7,7,3,7,1,high,3
3220000,2684,2,1,1,yes,no,no,no,yes,1,no,unfurnished,9,4,1,8,1,low ,7
3220000,4320,3,1,1,no,no,no,no,no,1,no,unfurnished,5,8,6,4,1,high,1
3220000,3120,3,1,2,no,no,no,no,no,0,no,furnished,3,7,9,6,3,low ,7
3150000,3450,1,1,1,yes,no,no,no,no,0,no,furnished,7,4,2,9,5,low ,8
3150000,3986,2,2,1,no,yes,yes,no,no,1,no,unfurnished,1,6,7,5,7,high,8
3150000,3500,2,1,1,no,no,yes,no,no,0,no,semi-furnished,7,4,4,9,4,high,9
3150000,4095,2,1,1,yes,no,no,no,no,2,no,semi-furnished,8,4,8,4,5,low ,9
3150000,1650,3,1,2,no,no,yes,no,no,0,no,unfurnished,8,2,3,7,4,low ,8
3150000,3450,3,1,2,yes,no,yes,no,no,0,no,semi-furnished,9,4,6,5,1,low ,0
3150000,6750,2,1,1,yes,no,no,no,no,0,no,semi-furnished,9,7,2,3,3,high,8
3150000,9000,3,1,2,yes,no,no,no,no,2,no,semi-furnished,8,4,8,4,1,low ,1
3150000,3069,2,1,1,yes,no,no,no,no,1,no,unfurnished,0,7,2,7,6,high,8
3143000,4500,3,1,2,yes,no,no,no,yes,0,no,unfurnished,1,6,9,5,9,high,4
3129000,5495,3,1,1,yes,no,yes,no,no,0,no,unfurnished,7,7,0,3,2,low ,6
3118850,2398,3,1,1,yes,no,no,no,no,0,yes,semi-furnished,8,7,3,6,7,high,9
3115000,3000,3,1,1,no,no,no,no,yes,0,no,unfurnished,9,9,7,7,4,low ,7
3115000,3850,3,1,2,yes,no,no,no,no,0,no,unfurnished,4,0,3,4,8,high,7
3115000,3500,2,1,1,yes,no,no,no,no,0,no,unfurnished,4,7,1,3,3,low ,1
3087000,8100,2,1,1,yes,no,no,no,no,1,no,unfurnished,4,5,2,6,6,high,2
3080000,4960,2,1,1,yes,no,yes,no,yes,0,no,unfurnished,4,2,5,7,2,high,2
3080000,2160,3,1,2,no,no,yes,no,no,0,no,semi-furnished,7,2,1,9,8,low ,1
3080000,3090,2,1,1,yes,yes,yes,no,no,0,no,unfurnished,7,7,4,6,2,low ,1
3080000,4500,2,1,2,yes,no,no,yes,no,1,no,semi-furnished,8,4,7,3,9,high,1
3045000,3800,2,1,1,yes,no,no,no,no,0,no,unfurnished,4,6,6,1,0,high,3
3010000,3090,3,1,2,no,no,no,no,no,0,no,semi-furnished,6,7,9,3,3,low ,5
3010000,3240,3,1,2,yes,no,no,no,no,2,no,semi-furnished,9,8,9,5,7,high,7
3010000,2835,2,1,1,yes,no,no,no,no,0,no,semi-furnished,7,5,4,7,3,high,4
3010000,4600,2,1,1,yes,no,no,no,no,0,no,furnished,7,5,9,4,1,low ,1
3010000,5076,3,1,1,no,no,no,no,no,0,no,unfurnished,6,4,1,5,2,low ,8
3010000,3750,3,1,2,yes,no,no,no,no,0,no,unfurnished,9,1,3,9,5,high,4
3010000,3630,4,1,2,yes,no,no,no,no,3,no,semi-furnished,9,6,5,4,1,high,6
3003000,8050,2,1,1,yes,no,no,no,no,0,no,unfurnished,4,5,7,7,4,low ,9
2975000,4352,4,1,2,no,no,no,no,no,1,no,unfurnished,9,7,4,5,2,low ,7
2961000,3000,2,1,2,yes,no,no,no,no,0,no,semi-furnished,4,9,8,3,7,low ,7
2940000,5850,3,1,2,yes,no,yes,no,no,1,no,unfurnished,7,5,1,4,4,low ,1
2940000,4960,2,1,1,yes,no,no,no,no,0,no,unfurnished,5,3,6,7,8,low ,2
2940000,3600,3,1,2,no,no,no,no,no,1,no,unfurnished,3,7,5,5,3,low ,2
2940000,3660,4,1,2,no,no,no,no,no,0,no,unfurnished,4,1,5,3,6,high,1
2940000,3480,3,1,2,no,no,no,no,no,1,no,semi-furnished,7,7,7,6,2,low ,1
2940000,2700,2,1,1,no,no,no,no,no,0,no,furnished,5,8,4,7,8,high,7
2940000,3150,3,1,2,no,no,no,no,no,0,no,unfurnished,3,8,8,4,2,low ,9
2940000,6615,3,1,2,yes,no,no,no,no,0,no,semi-furnished,6,9,1,3,9,low ,5
2870000,3040,2,1,1,no,no,no,no,no,0,no,unfurnished,7,9,8,6,0,low ,3
2870000,3630,2,1,1,yes,no,no,no,no,0,no,unfurnished,4,8,4,7,3,low ,7
2870000,6000,2,1,1,yes,no,no,no,no,0,no,semi-furnished,3,0,6,9,7,high,1
2870000,5400,4,1,2,yes,no,no,no,no,0,no,unfurnished,6,1,9,6,3,high,7
2852500,5200,4,1,3,yes,no,no,no,no,0,no,unfurnished,7,7,7,3,1,low ,8
2835000,3300,3,1,2,no,no,no,no,no,1,no,semi-furnished,9,8,7,1,2,low ,8
2835000,4350,3,1,2,no,no,no,yes,no,1,no,unfurnished,6,9,1,3,5,low ,9
2835000,2640,2,1,1,no,no,no,no,no,1,no,furnished,3,4,2,5,1,low ,9
2800000,2650,3,1,2,yes,no,yes,no,no,1,no,unfurnished,1,4,2,7,4,high,8
2800000,3960,3,1,1,yes,no,no,no,no,0,no,furnished,3,4,1,4,0,high,0
2730000,6800,2,1,1,yes,no,no,no,no,0,no,unfurnished,5,4,1,8,0,high,1
2730000,4000,3,1,2,yes,no,no,no,no,1,no,unfurnished,7,7,1,7,6,high,7
2695000,4000,2,1,1,yes,no,no,no,no,0,no,unfurnished,4,7,3,4,9,low ,9
2660000,3934,2,1,1,yes,no,no,no,no,0,no,unfurnished,8,8,5,6,9,high,5
2660000,2000,2,1,2,yes,no,no,no,no,0,no,semi-furnished,7,4,7,4,4,low ,3
2660000,3630,3,3,2,no,yes,no,no,no,0,no,unfurnished,4,6,4,4,9,low ,7
2660000,2800,3,1,1,yes,no,no,no,no,0,no,unfurnished,6,9,5,2,4,high,1
2660000,2430,3,1,1,no,no,no,no,no,0,no,unfurnished,4,7,4,4,7,high,7
2660000,3480,2,1,1,yes,no,no,no,no,1,no,semi-furnished,4,7,1,7,5,low ,8
2660000,4000,3,1,1,yes,no,no,no,no,0,no,semi-furnished,2,6,3,5,3,low ,8
2653000,3185,2,1,1,yes,no,no,no,yes,0,no,unfurnished,4,9,1,2,4,low ,9
2653000,4000,3,1,2,yes,no,no,no,yes,0,no,unfurnished,7,9,6,2,7,high,9
2604000,2910,2,1,1,no,no,no,no,no,0,no,unfurnished,4,4,9,7,5,low ,8
2590000,3600,2,1,1,yes,no,no,no,no,0,no,unfurnished,7,9,2,4,3,high,0
2590000,4400,2,1,1,yes,no,no,no,no,0,no,unfurnished,6,4,7,6,6,high,1
2590000,3600,2,2,2,yes,no,yes,no,no,1,no,furnished,7,7,4,7,5,high,2
2520000,2880,3,1,1,no,no,no,no,no,0,no,unfurnished,7,5,8,8,3,low ,2
2520000,3180,3,1,1,no,no,no,no,no,0,no,unfurnished,9,3,3,5,4,low ,1
2520000,3000,2,1,2,yes,no,no,no,no,0,no,furnished,0,4,6,5,7,high,1
2485000,4400,3,1,2,yes,no,no,no,no,0,no,unfurnished,7,7,2,4,5,high,7
2485000,3000,3,1,2,no,no,no,no,no,0,no,semi-furnished,5,5,8,1,3,low ,9
2450000,3210,3,1,2,yes,no,yes,no,no,0,no,unfurnished,2,3,2,6,6,low ,5
2450000,3240,2,1,1,no,yes,no,no,no,1,no,unfurnished,2,6,9,5,7,low ,3
2450000,3000,2,1,1,yes,no,no,no,no,1,no,unfurnished,7,7,0,7,4,low ,7
2450000,3500,2,1,1,yes,yes,no,no,no,0,no,unfurnished,4,4,3,9,3,low ,1
2450000,4840,2,1,2,yes,no,no,no,no,0,no,unfurnished,6,3,7,5,6,low ,7
2450000,7700,2,1,1,yes,no,no,no,no,0,no,unfurnished,7,6,3,3,7,high,8
2408000,3635,2,1,1,no,no,no,no,no,0,no,unfurnished,8,7,1,7,9,low ,8
2380000,2475,3,1,2,yes,no,no,no,no,0,no,furnished,5,9,2,1,6,high,9
2380000,2787,4,2,2,yes,no,no,no,no,0,no,furnished,5,6,5,7,3,low ,9
2380000,3264,2,1,1,yes,no,no,no,no,0,no,unfurnished,4,3,1,8,0,low ,8
2345000,3640,2,1,1,yes,no,no,no,no,0,no,unfurnished,1,1,4,8,0,low ,0
2310000,3180,2,1,1,yes,no,no,no,no,0,no,unfurnished,6,3,2,9,0,low ,7
2275000,1836,2,1,1,no,no,yes,no,no,0,no,semi-furnished,5,5,7,9,0,high,7
2275000,3970,1,1,1,no,no,no,no,no,0,no,unfurnished,7,8,4,8,0,high,1
2275000,3970,3,1,2,yes,no,yes,no,no,0,no,unfurnished,9,8,8,0,0,low ,2
2240000,1950,3,1,1,no,no,no,yes,no,0,no,unfurnished,5,9,3,1,0,low ,2
2233000,5300,3,1,1,no,no,no,no,yes,0,yes,unfurnished,3,9,6,7,0,low ,1
2135000,3000,2,1,1,no,no,no,no,no,0,no,unfurnished,7,8,2,8,0,low ,1
2100000,2400,3,1,2,yes,no,no,no,no,0,no,unfurnished,1,0,8,9,0,high,1
2100000,3000,4,1,2,yes,no,no,no,no,0,no,unfurnished,7,1,2,1,0,high,3
2100000,3360,2,1,1,yes,no,no,no,no,1,no,unfurnished,8,7,9,7,1,high,5
1960000,3420,5,1,2,no,no,no,no,no,0,no,unfurnished,8,8,0,8,0,high,7
1890000,1700,3,1,2,yes,no,no,no,no,0,no,unfurnished,9,9,3,1,0,low ,4
1890000,3649,2,1,1,yes,no,no,no,no,0,no,unfurnished,9,4,7,7,0,high,1
1855000,2990,2,1,1,no,no,no,no,no,1,no,unfurnished,8,4,3,1,1,low ,8
1820000,3000,2,1,1,yes,no,yes,no,no,2,no,unfurnished,0,4,1,7,2,low ,4
1767150,2400,3,1,1,no,no,no,no,no,0,no,semi-furnished,1,4,2,8,0,high,6
1750000,3620,2,1,1,yes,no,no,no,no,0,no,unfurnished,7,7,5,9,0,high,9
1750000,2910,3,1,1,no,no,no,no,no,0,no,furnished,8,7,1,4,0,low ,7
1750000,3850,3,1,2,yes,no,no,no,no,0,no,unfurnished,9,8,4,4,0,low ,7
